{
  "grand_total_cost": 31791476.45,
  "missing_spec_material_ids": [
    "M-004",
    "M-009",
    "M-015",
    "M-018"
  ],
  "totals_by_level": {
    "L01": 8727802.280000001,
    "L02": 4540848.96,
    "L03": 6112516.699999999,
    "Roof": 12410308.51
  },
  "totals_by_trade": {
    "Concrete": 6556585.549999999,
    "Drywall": 8203888.640000001,
    "Electrical": 5505365.7299999995,
    "Masonry": 5798604.930000001,
    "Structural Steel": 5727031.600000001
  }
}
